id,feature_key,display_name,category,feature_type,description,rollout_status,created_at,updated_at,archived_at,is_toggleable,is_removable,lock_reason,is_system_feature
05442b36-dc0b-47bd-b41a-0ed45de1bd52,event_change_history,Event Change History,Scheduling & Calendar,module,Database table: event_change_history,live,2026-01-24 05:22:01.379848+00,2026-01-28 19:00:07.487591+00,,true,true,,false
0592da14-14ef-4802-aba2-3855bab3b0f7,organization,Organization,Support Tools,module,Service Module: organizationService.ts,live,2026-01-24 05:22:01.379848+00,2026-01-28 19:00:07.487591+00,,true,true,,false
07e59a46-b598-4cc3-8bf5-0a09152844a9,leveldetail,Level Details,Support Tools,module,,live,2026-01-28 19:00:07.487591+00,2026-01-28 19:00:07.487591+00,,true,true,,false
094bd2e0-78ea-496a-ae9f-e49e2a267548,recurring_event_patterns,Recurring Event Patterns,Scheduling & Calendar,module,Database table: recurring_event_patterns,live,2026-01-24 05:22:01.379848+00,2026-01-28 19:00:07.487591+00,,true,true,,false
0a66c273-8bc9-4630-a098-366eb39b4712,bysport,Programs by Sport,Support Tools,module,,live,2026-01-28 19:00:07.487591+00,2026-01-28 19:00:07.487591+00,,true,true,,false
0b1c727c-b2f8-4fae-a531-69b326f7cd82,forms,Forms,Support Tools,module,,live,2026-01-24 05:22:01.379848+00,2026-01-28 19:00:07.487591+00,,true,true,,false
0b96385e-db9b-48a0-94ff-ca677398570a,payments,Payments,Payments,module,Service Module: paymentsService.ts,live,2026-01-24 05:22:01.379848+00,2026-01-28 19:00:07.487591+00,,true,true,,false
0cab6d8e-7844-4bc1-97cb-a99f672d44eb,paymentcancel,Payment Cancelled,Payments,module,,live,2026-01-24 05:22:01.379848+00,2026-01-28 19:00:07.487591+00,,true,true,,false
0d9202a6-adea-41e8-8db1-79bb48d19600,uniformkitdetail,Uniform Kit Order,Uniforms & Gear,module,,live,2026-01-28 19:00:07.487591+00,2026-01-28 19:00:07.487591+00,,true,true,,false
0eda524d-4d5a-42f9-b0ad-e480a48b4332,eventdetail,Event Details,Scheduling & Calendar,module,,live,2026-01-24 05:22:01.379848+00,2026-01-28 19:00:07.487591+00,,true,true,,false
0ee15bcc-99f1-4a70-8355-c238841da601,uniform_orders,Uniform Orders,Uniforms & Gear,module,Database table: uniform_orders,live,2026-01-24 05:22:01.379848+00,2026-01-28 19:00:07.487591+00,,true,true,,false
10fbe2fd-d410-404e-8fa9-1f3e9a6c2da7,tiers,License Tiers,Support Tools,module,,live,2026-01-24 05:22:01.379848+00,2026-01-28 19:00:07.487591+00,,true,true,,false
11f040e4-30c7-4180-a281-4ecb67b22df0,feature_discovery_hints,Feature Discovery Hints,Support Tools,module,Database table: feature_discovery_hints,live,2026-01-24 05:22:01.379848+00,2026-01-28 19:00:07.487591+00,,true,true,,false
1436e303-692f-47f8-b19a-ce237ae4623a,athletes,Athletes,Teams & Rosters,module,Database table: athletes,live,2026-01-24 05:22:01.379848+00,2026-01-28 19:00:07.487591+00,,true,true,,false
165fb2bf-d92b-450f-aec9-118f85adb713,organization_settings,Organization Settings,Support Tools,module,Database table: organization_settings,live,2026-01-24 05:22:01.379848+00,2026-01-28 19:00:07.487591+00,,true,true,,false
193a3886-cd52-460e-b600-532a3a0c45f3,planselection,Plan Selection,Payments,module,,live,2026-01-24 05:22:01.379848+00,2026-01-28 19:00:07.487591+00,,true,true,,false
19f12389-59b1-4358-a764-a0fc0da28988,checkoutsuccess,Checkout Success,Payments,module,,live,2026-01-24 05:22:01.379848+00,2026-01-28 19:00:07.487591+00,,true,true,,false
1be99f43-81b4-4a3b-b21d-42a6635eee9e,license_tiers,License Tiers,Support Tools,module,Database table: license_tiers,live,2026-01-24 05:22:01.379848+00,2026-01-28 19:00:07.487591+00,,true,true,,false
1e33a037-b4e3-4f58-950d-bb93b7a8b60c,admin_users,Admin Users,Support Tools,module,Database table: admin_users,live,2026-01-24 05:22:01.379848+00,2026-01-28 19:00:07.487591+00,,true,true,,false
1e738b9c-afc3-4b29-9505-b02bd633e364,platformadmins,Platformadmins,Support Tools,module,Service Module: platformAdminsService.ts,live,2026-01-24 05:22:01.379848+00,2026-01-28 19:00:07.487591+00,,true,true,,false
2197e72c-fb9c-42bb-9e3a-e8c7616b1717,installment_plans,Installment Plans,Support Tools,module,Database table: installment_plans,live,2026-01-24 05:22:01.379848+00,2026-01-28 19:00:07.487591+00,,true,true,,false
22bed32b-bb02-407f-993c-0afc41ccd526,feature_integrations,Feature Integrations,Support Tools,module,Database table: feature_integrations,live,2026-01-24 05:22:01.379848+00,2026-01-28 19:00:07.487591+00,,true,true,,false
231f0e69-6253-4ddc-90ee-9f37581bebb8,installment_schedules,Installment Schedules,Scheduling & Calendar,module,Database table: installment_schedules,live,2026-01-24 05:22:01.379848+00,2026-01-28 19:00:07.487591+00,,true,true,,false
2417b9b2-b6aa-4ef7-8eef-1b731bb4b4c9,organization_sport_customizations,Organization Sport Customizations,Support Tools,module,Database table: organization_sport_customizations,live,2026-01-28 19:00:07.487591+00,2026-01-28 19:00:07.487591+00,,true,true,,false
24ad1062-3515-4ac4-9fa7-12b06bc303d7,feature_flags,Feature Flags,Support Tools,module,Database table: feature_flags,live,2026-01-24 05:22:01.379848+00,2026-01-28 19:00:07.487591+00,,true,true,,false
26813808-cc2c-447f-9ee0-8c12d1c54ce2,waivers,Waivers,Support Tools,module,Database table: waivers,live,2026-01-24 05:22:01.379848+00,2026-01-28 19:00:07.487591+00,,true,true,,false
27ed5b68-84c0-4954-b476-12386ccac2dd,travel,Travel,Support Tools,module,Service Module: travelService.ts,live,2026-01-24 05:22:01.379848+00,2026-01-28 19:00:07.487591+00,,true,true,,false
28bda3ad-aa8a-4a60-80ec-abfaaed3489d,feature_flag_user_overrides,Feature Flag User Overrides,Support Tools,module,Database table: feature_flag_user_overrides,live,2026-01-24 05:22:01.379848+00,2026-01-28 19:00:07.487591+00,,true,true,,false
28fdb567-1b8c-40d9-8b16-638dcd99aa95,huddle_audit_log,Huddle Audit Log,Support Tools,module,Database table: huddle_audit_log,live,2026-01-28 19:00:07.487591+00,2026-01-28 19:00:07.487591+00,,true,true,,false
29005c6f-c29e-4da3-84f2-b307eaadbb05,admin_feature_flags,Admin Feature Flags,Support Tools,module,Database table: admin_feature_flags,live,2026-01-24 05:22:01.379848+00,2026-01-28 19:00:07.487591+00,,true,true,,false
292394ba-6e76-400d-b9df-ee87d2ff522c,features,Feature Catalog,Support Tools,module,,live,2026-01-24 05:22:01.379848+00,2026-01-28 19:00:07.487591+00,,true,true,,false
2a941af2-2c1b-4f38-b73a-a5c3dc923991,migration_errors,Migration Errors,Support Tools,module,Database table: migration_errors,live,2026-01-24 05:22:01.379848+00,2026-01-28 19:00:07.487591+00,,true,true,,false
2e5ebb0b-6820-42a9-948f-cc0bdf7711b2,notification_jobs,Notification Jobs,Support Tools,module,Database table: notification_jobs,live,2026-01-28 19:00:07.487591+00,2026-01-28 19:00:07.487591+00,,true,true,,false
304b305e-510f-475b-b17e-04ab399b14ed,trialexpired,Trial Expired,Support Tools,module,,live,2026-01-28 19:00:07.487591+00,2026-01-28 19:00:07.487591+00,,true,true,,false
310493ba-433d-486b-bb99-885d5c01b082,rls_validation_results,Rls Validation Results,Support Tools,module,Database table: _rls_validation_results,live,2026-01-24 05:22:01.379848+00,2026-01-28 19:00:07.487591+00,,true,true,,false
314159de-72fb-4f9d-ad1e-9228ce273197,checkoutcancel,Checkout Cancelled,Payments,module,,live,2026-01-24 05:22:01.379848+00,2026-01-28 19:00:07.487591+00,,true,true,,false
315aa082-0f6a-4b84-a8c8-d687b31d6110,featureflags,Feature Flags,Support Tools,module,Feature toggles,live,2026-01-24 05:22:01.379848+00,2026-01-28 19:00:07.487591+00,,true,true,,false
321ea03a-e4aa-404e-ab44-3b24b1af0ced,organizations,Organizations,Support Tools,module,Database table: organizations,live,2026-01-24 05:22:01.379848+00,2026-01-28 19:00:07.487591+00,,true,true,,false
3327bb01-e563-4400-b323-9d0a7af18cb5,checkout_sessions,Checkout Sessions,Support Tools,module,Database table: checkout_sessions,live,2026-01-24 05:22:01.379848+00,2026-01-28 19:00:07.487591+00,,true,true,,false
3428dda5-f0f9-4bb6-baf5-73eaa9af8456,structure,Structure,Support Tools,module,Data model,live,2026-01-24 05:22:01.379848+00,2026-01-28 19:00:07.487591+00,,true,true,,false
35fbad55-676a-4ed4-b538-38d30e869870,fees,Fees,Payments,module,Database table: fees,live,2026-01-24 05:22:01.379848+00,2026-01-28 19:00:07.487591+00,,true,true,,false
3661f305-7009-4f37-82f4-1fed2d64c22e,team_memberships,Team Memberships,Teams & Rosters,module,Database table: team_memberships,live,2026-01-24 05:22:01.379848+00,2026-01-28 19:00:07.487591+00,,true,true,,false
37a578a9-56db-4e30-a4b1-62917d7d8b02,guardian,Guardian,Support Tools,module,Service Module: guardianService.ts,live,2026-01-24 05:22:01.379848+00,2026-01-28 19:00:07.487591+00,,true,true,,false
392fa735-f708-4b20-ae44-c360128004c7,event_general_rsvps,Event General Rsvps,Scheduling & Calendar,module,Database table: event_general_rsvps,live,2026-01-28 19:00:07.487591+00,2026-01-28 19:00:07.487591+00,,true,true,,false
39fcba90-da8e-40d1-86e0-1543d4f9e9e0,admin_license_tiers_list,Admin License Tiers List,Support Tools,module,Database table: admin_license_tiers_list,live,2026-01-24 05:22:01.379848+00,2026-01-28 19:00:07.487591+00,,true,true,,false
3a095133-42a4-4f81-85ee-2456fd5b41ba,audit_logs_old,Audit Logs Old,Support Tools,module,Database table: audit_logs_old,live,2026-01-24 05:22:01.379848+00,2026-01-28 19:00:07.487591+00,,true,true,,false
3a6e7093-9351-409d-a6d2-d98cacd7238f,announcements,Announcements,Support Tools,module,Database table: announcements,live,2026-01-24 05:22:01.379848+00,2026-01-28 19:00:07.487591+00,,true,true,,false
3ea742cf-a707-4799-9232-5cf8fe1dcc82,team_seasons_view,Team Seasons View,Teams & Rosters,module,Database table: team_seasons_view,live,2026-01-24 05:22:01.379848+00,2026-01-28 19:00:07.487591+00,,true,true,,false
3fee8def-249a-4a91-8580-f3ee775ee16b,discount_redemptions,Discount Redemptions,Support Tools,module,Database table: discount_redemptions,live,2026-01-24 05:22:01.379848+00,2026-01-28 19:00:07.487591+00,,true,true,,false
44a1c548-9e59-4d7a-9f03-31c7d828c588,discount_codes,Discount Codes,Support Tools,module,Database table: discount_codes,live,2026-01-24 05:22:01.379848+00,2026-01-28 19:00:07.487591+00,,true,true,,false
464b5ae0-d3b2-4782-9e44-ba6ba059f67a,preferences,Preferences,Support Tools,module,Service Module: preferencesService.ts,live,2026-01-24 05:22:01.379848+00,2026-01-28 19:00:07.487591+00,,true,true,,false
46dc94fc-2191-45d3-9f12-7c7ae7aa7a2f,policy_consolidation_log,Policy Consolidation Log,Support Tools,module,Database table: _policy_consolidation_log,live,2026-01-24 05:22:01.379848+00,2026-01-28 19:00:07.487591+00,,true,true,,false
47bdd85d-75bd-4d42-9846-6ecd6232806a,tierdetail,Tier Details,Support Tools,module,,live,2026-01-24 05:22:01.379848+00,2026-01-28 19:00:07.487591+00,,true,true,,false
489b26ca-a2ec-4e0c-83ce-18f30eede463,platform_admins,Platform Admins,Support Tools,module,Database table: platform_admins,live,2026-01-24 05:22:01.379848+00,2026-01-28 19:00:07.487591+00,,true,true,,false
4a4428e5-df44-4ded-b649-4c97b5c28400,discovery_errors,Discovery Errors,Support Tools,module,Database table: discovery_errors,live,2026-01-24 05:22:01.379848+00,2026-01-28 19:00:07.487591+00,,true,true,,false
4a642811-33fe-4b4e-b6ab-88f4eb4769aa,seasons,Seasons,Support Tools,module,Service Module: seasonsService.ts,live,2026-01-24 05:22:01.379848+00,2026-01-28 19:00:07.487591+00,,true,true,,false
4c4cd197-37a1-4cd2-99b8-c9265bc936b1,family_members,Family Members,Support Tools,module,Database table: family_members,live,2026-01-24 05:22:01.379848+00,2026-01-28 19:00:07.487591+00,,true,true,,false
4cbb23a8-2913-41d7-b033-c1899b18eb11,requestattachment,Request Athlete Attachment,Teams & Rosters,module,Request to attach to an existing athlete,live,2026-01-28 19:00:07.487591+00,2026-01-28 19:00:07.487591+00,,true,true,,false
4df2f55d-a0c4-427e-9949-73bd5709d10d,feature_discovery_cache,Feature Discovery Cache,Support Tools,module,Database table: feature_discovery_cache,live,2026-01-24 05:22:01.379848+00,2026-01-28 19:00:07.487591+00,,true,true,,false
4e7836cb-4ea0-4202-b0ee-f172fc4c9588,paymentsettings,Paymentsettings,Payments,module,Service Module: paymentSettingsService.ts,live,2026-01-28 19:00:07.487591+00,2026-01-28 19:00:07.487591+00,,true,true,,false
515fd164-915b-46ae-8b27-8c6bee4b23fe,valid_event_types,Valid Event Types,Scheduling & Calendar,module,Database table: valid_event_types,live,2026-01-24 05:22:01.379848+00,2026-01-28 19:00:07.487591+00,,true,true,,false
54251b1a-bd2b-45af-810e-fd005da7e410,tryouts,Tryouts,Support Tools,module,Service Module: tryoutsService.ts,live,2026-01-24 05:22:01.379848+00,2026-01-28 19:00:07.487591+00,,true,true,,false
54892e4b-581d-4011-94b3-7e7a3db73bbb,overridecreate,Create Override,Support Tools,module,,live,2026-01-24 05:22:01.379848+00,2026-01-28 19:00:07.487591+00,,true,true,,false
54b33a5d-b8d4-4971-abc1-324035cad5a3,overridedetail,Override Details,Support Tools,module,,live,2026-01-24 05:22:01.379848+00,2026-01-28 19:00:07.487591+00,,true,true,,false
55fc00bb-01a9-4536-9bc6-9fe78d64ea06,guardian_attachment_requests,Guardian Attachment Requests,Support Tools,module,Database table: guardian_attachment_requests,live,2026-01-28 19:00:07.487591+00,2026-01-28 19:00:07.487591+00,,true,true,,false
57b179d4-bdb9-4736-b731-a1a8e1710c60,settings,Settings,Admin & Permissions,module,Personal settings,live,2026-01-24 05:22:01.379848+00,2026-01-28 19:00:07.487591+00,,true,true,,false
582ffa91-d843-41dc-9716-3f9d1be74a8c,athlete_sports,Athlete Sports,Teams & Rosters,module,Database table: athlete_sports,live,2026-01-24 05:22:01.379848+00,2026-01-28 19:00:07.487591+00,,true,true,,false
5df671a8-7384-4017-bb92-d2174293be7b,huddles,Huddles,Support Tools,module,Service Module: huddlesService.ts,live,2026-01-28 19:00:07.487591+00,2026-01-28 19:00:07.487591+00,,true,true,,false
5e6c0e94-68d7-4020-b071-90e0dbd099af,import,Import Athletes,Teams & Rosters,module,,live,2026-01-24 05:22:01.379848+00,2026-01-28 19:00:07.487591+00,,true,true,,false
5f928d0a-50cd-4be8-a379-d41556b1e044,venueinsights,Venueinsights,Support Tools,module,Service Module: venueInsightsService.ts,live,2026-01-28 19:00:07.487591+00,2026-01-28 19:00:07.487591+00,,true,true,,false
631cbe86-0cfe-47e8-afe0-c8cac127980f,tryout_registration_staff_notes,Tryout Registration Staff Notes,Support Tools,module,Database table: tryout_registration_staff_notes,live,2026-01-24 05:22:01.379848+00,2026-01-28 19:00:07.487591+00,,true,true,,false
63279e89-c1b3-45a6-96d9-ba74ca2562ac,venue_nearby_places,Venue Nearby Places,Support Tools,module,Database table: venue_nearby_places,live,2026-01-28 19:00:07.487591+00,2026-01-28 19:00:07.487591+00,,true,true,,false
638e674c-51e4-44da-941e-b5c97b372474,base,Organization Settings,Support Tools,module,Organization info,live,2026-01-24 05:22:01.379848+00,2026-01-28 19:00:07.487591+00,,true,true,,false
64a42d98-0e02-4d7d-bf88-ffccfabaa048,seasondetail,Season Details,Support Tools,module,,live,2026-01-28 19:00:07.487591+00,2026-01-28 19:00:07.487591+00,,true,true,,false
65b44c45-70e1-44b5-b829-05bc4c117e66,entitlement_overrides,Entitlement Overrides,Support Tools,module,Database table: entitlement_overrides,live,2026-01-24 05:22:01.379848+00,2026-01-28 19:00:07.487591+00,,true,true,,false
671a5a99-4a8d-43e9-a777-6eb6e74f2388,athletephoto,Athletephoto,Support Tools,module,Service Module: athletePhotoService.ts,live,2026-01-28 19:00:07.487591+00,2026-01-28 19:00:07.487591+00,,true,true,,false
684cae53-8746-4eb8-a2af-fa8d2f4987b6,admin_event_logs,Admin Event Logs,Scheduling & Calendar,module,Database table: admin_event_logs,live,2026-01-28 19:00:07.487591+00,2026-01-28 19:00:07.487591+00,,true,true,,false
68f596f2-3f8a-4716-bfdb-2befe9666094,join_links,Join Links,Support Tools,module,Database table: join_links,live,2026-01-24 05:22:01.379848+00,2026-01-28 19:00:07.487591+00,,true,true,,false
6b0296ef-fd3c-4392-adb2-b2d06218e4f1,billing_events,Billing Events,Scheduling & Calendar,module,Database table: billing_events,live,2026-01-24 05:22:01.379848+00,2026-01-28 19:00:07.487591+00,,true,true,,false
6b98cf79-87ac-41fa-b4f9-12526492e4f6,refunds,Refunds,Support Tools,module,Database table: refunds,live,2026-01-24 05:22:01.379848+00,2026-01-28 19:00:07.487591+00,,true,true,,false
6e93715f-1253-4a42-91b3-3a4dce961d4d,families,Families,Support Tools,module,Database table: families,live,2026-01-24 05:22:01.379848+00,2026-01-28 19:00:07.487591+00,,true,true,,false
6f4f8cfb-8c40-4139-a427-f716a9aac3ef,feature_integration_assignments,Feature Integration Assignments,Support Tools,module,Database table: feature_integration_assignments,live,2026-01-28 19:00:07.487591+00,2026-01-28 19:00:07.487591+00,,true,true,,false
6ff1b97c-630f-4a16-ba70-648c904d0327,checkout_session_items,Checkout Session Items,Support Tools,module,Database table: checkout_session_items,live,2026-01-24 05:22:01.379848+00,2026-01-28 19:00:07.487591+00,,true,true,,false
71a19777-13a6-4383-8a4c-c6f80e63ab61,overrides,Rules & Overrides,Support Tools,module,,live,2026-01-24 05:22:01.379848+00,2026-01-28 19:00:07.487591+00,,true,true,,false
72abdfda-afa4-44be-8421-354e6c5d1126,organization_sports,Organization Sports,Support Tools,module,Database table: organization_sports,live,2026-01-24 05:22:01.379848+00,2026-01-28 19:00:07.487591+00,,true,true,,false
74a2f72f-b07f-4d01-9556-e5e6fd751d45,tryout_scores,Tryout Scores,Support Tools,module,Database table: tryout_scores,live,2026-01-24 05:22:01.379848+00,2026-01-28 19:00:07.487591+00,,true,true,,false
75a8325d-9881-4a9e-9c1a-cffa1ff424cf,feature_dependency_cycles,Feature Dependency Cycles,Support Tools,module,Database table: feature_dependency_cycles,live,2026-01-24 05:22:01.379848+00,2026-01-28 19:00:07.487591+00,,true,true,,false
76c5bbcc-74c1-4e39-95d8-bfe0e94801ea,team_seasons,Team Seasons,Teams & Rosters,module,Database table: team_seasons,live,2026-01-24 05:22:01.379848+00,2026-01-28 19:00:07.487591+00,,true,true,,false
76fbfc6c-2229-4974-8906-30835018a6dc,attendance_settings,Attendance Settings,Support Tools,module,Database table: attendance_settings,live,2026-01-24 05:22:01.379848+00,2026-01-28 19:00:07.487591+00,,true,true,,false
78743e7d-65bc-4ea3-babf-9527246d0e87,event_locations,Event Locations,Scheduling & Calendar,module,Database table: event_locations,live,2026-01-24 05:22:01.379848+00,2026-01-28 19:00:07.487591+00,,true,true,,false
78fdbff2-87d2-40c0-a8b5-7c741d144f82,nearbyamenities,Nearbyamenities,Support Tools,module,Service Module: nearbyAmenitiesService.ts,live,2026-01-28 19:00:07.487591+00,2026-01-28 19:00:07.487591+00,,true,true,,false
7a125a77-e823-4056-ae39-93fa1110382f,admin_fees_status,Admin Fees Status,Payments,module,Database table: admin_fees_status,live,2026-01-24 05:22:01.379848+00,2026-01-28 19:00:07.487591+00,,true,true,,false
7a4ce992-3f8e-4bea-a7ae-d77817f4f789,uniform_submission_items,Uniform Submission Items,Uniforms & Gear,module,Database table: uniform_submission_items,live,2026-01-24 05:22:01.379848+00,2026-01-28 19:00:07.487591+00,,true,true,,false
7aee2775-6007-49f4-b722-af4b83f479f1,family,Family,Support Tools,module,Service Module: familyService.ts,live,2026-01-24 05:22:01.379848+00,2026-01-28 19:00:07.487591+00,,true,true,,false
7f57bfbc-96fa-4a1b-9ccc-44cf2bcdb378,offline_payments,Offline Payments,Payments,module,Database table: offline_payments,live,2026-01-24 05:22:01.379848+00,2026-01-28 19:00:07.487591+00,,true,true,,false
83b8e90d-21f0-4489-9754-2fae8ae390bd,tryout_registrations,Tryout Registrations,Support Tools,module,Database table: tryout_registrations,live,2026-01-24 05:22:01.379848+00,2026-01-28 19:00:07.487591+00,,true,true,,false
83f59ca8-bbcd-4823-b26b-8b75ac3a9b53,venue_nearby_amenities_summaries,Venue Nearby Amenities Summaries,Support Tools,module,Database table: venue_nearby_amenities_summaries,live,2026-01-28 19:00:07.487591+00,2026-01-28 19:00:07.487591+00,,true,true,,false
85fef4e2-0f2f-476f-b353-9bc1c0c458e0,feature_flag_audit_log,Feature Flag Audit Log,Support Tools,module,Database table: feature_flag_audit_log,live,2026-01-24 05:22:01.379848+00,2026-01-28 19:00:07.487591+00,,true,true,,false
875e27d0-9b9d-4c2c-81ab-08ab1c2a5888,admin_payments,Admin Payments,Payments,module,Database table: admin_payments,live,2026-01-24 05:22:01.379848+00,2026-01-28 19:00:07.487591+00,,true,true,,false
8804e367-965c-42a1-9b80-366aff58cdb3,audit,Audit & History,Support Tools,module,,live,2026-01-24 05:22:01.379848+00,2026-01-28 19:00:07.487591+00,,true,true,,false
8e4976fc-217d-4e39-a969-605a7063d083,event_attendance,Event Attendance,Scheduling & Calendar,module,Database table: event_attendance,live,2026-01-24 05:22:01.379848+00,2026-01-28 19:00:07.487591+00,,true,true,,false
8f5ecda5-0c37-448e-b533-f24da7f8864c,tier_feature_assignments,Tier Feature Assignments,Support Tools,module,Database table: tier_feature_assignments,live,2026-01-24 05:22:01.379848+00,2026-01-28 19:00:07.487591+00,,true,true,,false
91cb4606-1a1f-4499-9530-aa5509e82a16,attendance,Attendance,Support Tools,module,Service Module: attendanceService.ts,live,2026-01-24 05:22:01.379848+00,2026-01-28 19:00:07.487591+00,,true,true,,false
91dd2717-496d-42b5-a4b6-522d81d7215f,queryhelpers,Queryhelpers,Support Tools,module,Service Module: queryHelpers.ts,live,2026-01-28 19:00:07.487591+00,2026-01-28 19:00:07.487591+00,,true,true,,false
921c14ff-d05f-4976-b39c-6da2497e7b21,admins,Platform Admins,Support Tools,module,Admin management,live,2026-01-24 05:22:01.379848+00,2026-01-28 19:00:07.487591+00,,true,true,,false
933b1a64-c6b2-4699-b953-45712c51f200,child_claim_tokens,Child Claim Tokens,Support Tools,module,Database table: child_claim_tokens,live,2026-01-24 05:22:01.379848+00,2026-01-28 19:00:07.487591+00,,true,true,,false
9505612a-cd1c-49d5-8699-db323578d6ab,onboarding,Onboarding,Support Tools,module,,live,2026-01-24 05:22:01.379848+00,2026-01-28 19:00:07.487591+00,,true,true,,false
9662f6d8-5448-4791-a911-dfd45a156673,stream_channel_metadata,Stream Channel Metadata,Support Tools,module,Database table: stream_channel_metadata,live,2026-01-28 19:00:07.487591+00,2026-01-28 19:00:07.487591+00,,true,true,,false
9752f0ed-e07c-4e09-ac46-d35148def2d2,travel_plans,Travel Plans,Support Tools,module,Database table: travel_plans,live,2026-01-24 05:22:01.379848+00,2026-01-28 19:00:07.487591+00,,true,true,,false
97d0ad0a-496a-48ea-8911-f5b87661a391,programdetail,Program Details,Support Tools,module,,live,2026-01-28 19:00:07.487591+00,2026-01-28 19:00:07.487591+00,,true,true,,false
9a703e64-5eab-4a00-a0a3-999eb1e4ebc6,admin_organizations,Admin Organizations,Support Tools,module,Database table: admin_organizations,live,2026-01-24 05:22:01.379848+00,2026-01-28 19:00:07.487591+00,,true,true,,false
9abb4c4b-8f60-4b65-a218-10dadc2cad85,roster,Team Roster,Teams & Rosters,module,,live,2026-01-24 05:22:01.379848+00,2026-01-28 19:00:07.487591+00,,true,true,,false
9bedb1ae-2195-403f-9c80-868aea63f368,org_payment_policies,Org Payment Policies,Payments,module,Database table: org_payment_policies,live,2026-01-24 05:22:01.379848+00,2026-01-28 19:00:07.487591+00,,true,true,,false
9c0b4a9b-57e9-415a-919a-eb53a3c029b7,event_rsvps,Event Rsvps,Scheduling & Calendar,module,Database table: event_rsvps,live,2026-01-24 05:22:01.379848+00,2026-01-28 19:00:07.487591+00,,true,true,,false
9cc99f8f-392c-4811-822b-b16aa2209a12,organization_attendance_settings,Organization Attendance Settings,Support Tools,module,Database table: organization_attendance_settings,live,2026-01-24 05:22:01.379848+00,2026-01-28 19:00:07.487591+00,,true,true,,false
9d9559ac-d1e2-4c8a-8d98-d562756ab930,organizationsettings,Organizationsettings,Support Tools,module,Service Module: organizationSettingsService.ts,live,2026-01-24 05:22:01.379848+00,2026-01-28 19:00:07.487591+00,,true,true,,false
9e134d77-d6d1-4bf9-876e-1abfce89c350,payment_allocations,Payment Allocations,Payments,module,Database table: payment_allocations,live,2026-01-24 05:22:01.379848+00,2026-01-28 19:00:07.487591+00,,true,true,,false
9e9fe110-db37-4740-b798-fabac7d9ea43,admin_entitlement_overrides_list,Admin Entitlement Overrides List,Support Tools,module,Database table: admin_entitlement_overrides_list,live,2026-01-28 19:00:07.487591+00,2026-01-28 19:00:07.487591+00,,true,true,,false
9ed6e56f-52d5-490c-94d2-009c079c27da,admin_structure,Admin Structure,Support Tools,module,Database table: admin_structure,live,2026-01-24 05:22:01.379848+00,2026-01-28 19:00:07.487591+00,,true,true,,false
9f2f3dde-95e8-4d2c-85d6-de7f4263ba75,feature_flag_platform_defaults,Feature Flag Platform Defaults,Support Tools,module,Database table: feature_flag_platform_defaults,live,2026-01-24 05:22:01.379848+00,2026-01-28 19:00:07.487591+00,,true,true,,false
a0584096-57d8-4822-9a10-c22a9f51766e,traveldetail,Travel Details,Travel,module,,live,2026-01-24 05:22:01.379848+00,2026-01-28 19:00:07.487591+00,,true,true,,false
a0ba5c46-71c3-4d06-9b29-c5b9d8439908,billing,Billing,Payments,module,Plan and billing,live,2026-01-24 05:22:01.379848+00,2026-01-28 19:00:07.487591+00,,true,true,,false
a1534958-aef2-4d73-853f-049c51003c15,overview,Overview,Support Tools,module,Licenses overview,live,2026-01-24 05:22:01.379848+00,2026-01-28 19:00:07.487591+00,,true,true,,false
a287a3e8-89d2-4c66-a884-d46d2a147bc6,charges,Charges,Support Tools,module,Database table: charges,live,2026-01-24 05:22:01.379848+00,2026-01-28 19:00:07.487591+00,,true,true,,false
a3d8ae0c-670a-4d0b-a456-a3cf8168cd9e,stream_channels,Stream Channels,Support Tools,module,Database table: stream_channels,live,2026-01-28 19:00:07.487591+00,2026-01-28 19:00:07.487591+00,,true,true,,false
a44cfb3c-74b9-4dc0-989c-7372464d0f41,featurebulkoperations,Featurebulkoperations,Support Tools,module,Service Module: featureBulkOperations.ts,live,2026-01-28 19:00:07.487591+00,2026-01-28 19:00:07.487591+00,,true,true,,false
a5c8a28c-e41a-4111-b852-48c4d5b3152e,index,Index,Support Tools,module,Service Module: index.ts,live,2026-01-24 05:22:01.379848+00,2026-01-28 19:00:07.487591+00,,true,true,,false
aa80cc33-21d1-4cd5-af80-bf17bf4ec6f9,rls_policy_backup,Rls Policy Backup,Support Tools,module,Database table: _rls_policy_backup,live,2026-01-24 05:22:01.379848+00,2026-01-28 19:00:07.487591+00,,true,true,,false
aa8cb9e5-ebb7-4840-9c1b-a8f031ffb0c7,guardianrequests,Guardian Requests,Support Tools,module,Review guardian attachment requests,live,2026-01-28 19:00:07.487591+00,2026-01-28 19:00:07.487591+00,,true,true,,false
ab7056db-a9de-4a46-8e0e-4daf58f52cdd,parent_invites,Parent Invites,Support Tools,module,Database table: parent_invites,live,2026-01-24 05:22:01.379848+00,2026-01-28 19:00:07.487591+00,,true,true,,false
aba806d7-7cd5-4ab3-888b-044f04417e44,join_requests,Join Requests,Support Tools,module,Database table: join_requests,live,2026-01-24 05:22:01.379848+00,2026-01-28 19:00:07.487591+00,,true,true,,false
ad5887a1-dcc1-4865-a4f2-65749af47f3e,admin_platform_health,Admin Platform Health,Support Tools,module,Database table: admin_platform_health,live,2026-01-24 05:22:01.379848+00,2026-01-28 19:00:07.487591+00,,true,true,,false
adea455c-843e-4d72-9cd4-7b533e715707,organization_registration_settings,Organization Registration Settings,Support Tools,module,Database table: organization_registration_settings,live,2026-01-24 05:22:01.379848+00,2026-01-28 19:00:07.487591+00,,true,true,,false
aeb95afd-751f-48f2-b83c-c6eeab51af4d,athlete_imports,Athlete Imports,Teams & Rosters,module,Database table: athlete_imports,live,2026-01-24 05:22:01.379848+00,2026-01-28 19:00:07.487591+00,,true,true,,false
b29a90b4-1a81-4b83-ab2a-a6e7aba639e7,list,Users,Support Tools,module,All platform users,live,2026-01-24 05:22:01.379848+00,2026-01-28 19:00:07.487591+00,,true,true,,false
b39a17ee-d515-45d7-b1b5-3a62dde22651,organization_defaults,Organization Defaults,Support Tools,module,Database table: organization_defaults,live,2026-01-24 05:22:01.379848+00,2026-01-28 19:00:07.487591+00,,true,true,,false
b3ee3c21-852f-42e0-9edc-98fa5d0915ec,payment_events,Payment Events,Payments,module,Database table: payment_events,live,2026-01-24 05:22:01.379848+00,2026-01-28 19:00:07.487591+00,,true,true,,false
b56a18f5-5c1a-4b46-b151-0f414baf6982,huddle_notification_preferences,Huddle Notification Preferences,Support Tools,module,Database table: huddle_notification_preferences,live,2026-01-28 19:00:07.487591+00,2026-01-28 19:00:07.487591+00,,true,true,,false
b5900600-7ff1-4fc4-87ed-7d4e78810109,calendar,Schedule,Scheduling & Calendar,module,View all events,live,2026-01-24 05:22:01.379848+00,2026-01-28 19:00:07.487591+00,,true,true,,false
b5e3ba1b-b5aa-4982-8dfd-d87333c8e5af,createathlete,Add Athlete to Guardian,Teams & Rosters,module,,live,2026-01-24 05:22:01.379848+00,2026-01-28 19:00:07.487591+00,,true,true,,false
b6035b9f-bdbf-45af-b865-63328de78ea5,organization_visibility_settings,Organization Visibility Settings,Support Tools,module,Database table: organization_visibility_settings,live,2026-01-24 05:22:01.379848+00,2026-01-28 19:00:07.487591+00,,true,true,,false
b631b519-1492-45ab-b2e6-b10f77d77d73,programs,Programs,Support Tools,module,Database table: programs,live,2026-01-24 05:22:01.379848+00,2026-01-28 19:00:07.487591+00,,true,true,,false
b8f693f3-3770-4987-b3a4-3a7b78f68aa9,featuredetail,Feature Details,Support Tools,module,,live,2026-01-24 05:22:01.379848+00,2026-01-28 19:00:07.487591+00,,true,true,,false
b9d063a9-5e78-4c40-8fb3-7b5ab611bfae,tryout_registration_documents,Tryout Registration Documents,Support Tools,module,Database table: tryout_registration_documents,live,2026-01-24 05:22:01.379848+00,2026-01-28 19:00:07.487591+00,,true,true,,false
ba6a1b1a-ac28-47fb-a261-cb5b87add230,venue_insights,Venue Insights,Support Tools,module,Database table: venue_insights,live,2026-01-28 19:00:07.487591+00,2026-01-28 19:00:07.487591+00,,true,true,,false
bba1b340-640b-433c-96dc-aa6f1e1567f4,athletesports,Athletesports,Support Tools,module,Service Module: athleteSportsService.ts,live,2026-01-24 05:22:01.379848+00,2026-01-28 19:00:07.487591+00,,true,true,,false
bc1bb18f-bafc-457e-b479-372fb6f40a8a,users,Users,Support Tools,module,Service Module: usersService.ts,live,2026-01-24 05:22:01.379848+00,2026-01-28 19:00:07.487591+00,,true,true,,false
bd901584-7fb5-4fd9-bd2b-4f3dafa8d74c,event_logs_archive,Event Logs Archive,Scheduling & Calendar,module,Database table: event_logs_archive,live,2026-01-24 05:22:01.379848+00,2026-01-28 19:00:07.487591+00,,true,true,,false
bd985e07-2f90-4f6b-865a-7b19b1dfbef9,event_logs,Event Logs,Scheduling & Calendar,module,Database table: event_logs,live,2026-01-24 05:22:01.379848+00,2026-01-28 19:00:07.487591+00,,true,true,,false
bf814a17-5695-46b8-9754-9c26e9b2099f,installments,Installments,Support Tools,module,Database table: installments,live,2026-01-24 05:22:01.379848+00,2026-01-28 19:00:07.487591+00,,true,true,,false
c005bc6d-6d2d-47eb-bcb6-3cd65877fcef,organization_notification_settings,Organization Notification Settings,Support Tools,module,Database table: organization_notification_settings,live,2026-01-24 05:22:01.379848+00,2026-01-28 19:00:07.487591+00,,true,true,,false
c00f520f-0659-4092-97b9-0ba4c7b7b79a,roleselection,Role Selection,Support Tools,module,,live,2026-01-24 05:22:01.379848+00,2026-01-28 19:00:07.487591+00,,true,true,,false
c05f75d7-e4d0-4ed6-a7ce-949da27e30aa,feature_discovery_corrections,Feature Discovery Corrections,Support Tools,module,Database table: feature_discovery_corrections,live,2026-01-24 05:22:01.379848+00,2026-01-28 19:00:07.487591+00,,true,true,,false
c1135c7d-12cc-4af7-8a2e-74c85c015e53,messages_archive,Messages Archive,Support Tools,module,Database table: messages_archive,live,2026-01-28 19:00:07.487591+00,2026-01-28 19:00:07.487591+00,,true,true,,false
c2823a96-7a50-41b5-805e-af49856aba88,feature_flag_org_overrides,Feature Flag Org Overrides,Support Tools,module,Database table: feature_flag_org_overrides,live,2026-01-24 05:22:01.379848+00,2026-01-28 19:00:07.487591+00,,true,true,,false
c2b68299-dc1e-4133-ab09-6aa4468fc8bb,admin_license_metrics,Admin License Metrics,Support Tools,module,Database table: admin_license_metrics,live,2026-01-28 19:00:07.487591+00,2026-01-28 19:00:07.487591+00,,true,true,,false
c2f83544-ecd4-4b0a-94cf-fb99f0661469,org_licenses,Org Licenses,Support Tools,module,Database table: org_licenses,live,2026-01-24 05:22:01.379848+00,2026-01-28 19:00:07.487591+00,,true,true,,false
c3735144-fe06-4737-ab09-3cb7fac01008,sports,Sports,Support Tools,module,Service Module: sportsService.ts,live,2026-01-24 05:22:01.379848+00,2026-01-28 19:00:07.487591+00,,true,true,,false
c7245900-f5d6-47ae-9a5b-de7127a1db91,detail,User Details,Support Tools,module,,live,2026-01-24 05:22:01.379848+00,2026-01-28 19:00:07.487591+00,,true,true,,false
c78338c9-f3a4-4030-9eb1-b7169fe7f726,paymentsuccess,Payment Success,Payments,module,,live,2026-01-24 05:22:01.379848+00,2026-01-28 19:00:07.487591+00,,true,true,,false
c9e2e679-6508-4119-b3ec-ff4ba1df76a6,responsehelpers,Responsehelpers,Support Tools,module,Service Module: responseHelpers.ts,live,2026-01-28 19:00:07.487591+00,2026-01-28 19:00:07.487591+00,,true,true,,false
cbb7392d-6a96-4595-955a-d593efd2c650,uniform_kit_items,Uniform Kit Items,Uniforms & Gear,module,Database table: uniform_kit_items,live,2026-01-24 05:22:01.379848+00,2026-01-28 19:00:07.487591+00,,true,true,,false
cd06dafb-a95e-4b2d-b7d9-e9b812441281,rsvp,Rsvp,Support Tools,module,Service Module: rsvpService.ts,live,2026-01-24 05:22:01.379848+00,2026-01-28 19:00:07.487591+00,,true,true,,false
cd2ea7bf-ee26-4f1b-94ac-c713304c263b,admin_feature_entitlements_list,Admin Feature Entitlements List,Support Tools,module,Database table: admin_feature_entitlements_list,live,2026-01-24 05:22:01.379848+00,2026-01-28 19:00:07.487591+00,,true,true,,false
ce5966dc-e49d-4ca4-889c-8ddea2c55cc3,organization_advanced_settings,Organization Advanced Settings,Support Tools,module,Database table: organization_advanced_settings,live,2026-01-24 05:22:01.379848+00,2026-01-28 19:00:07.487591+00,,true,true,,false
ce96eae0-271c-4502-b7aa-c310d17fd16a,uniforms,Uniforms,Support Tools,module,Service Module: uniformsService.ts,live,2026-01-24 05:22:01.379848+00,2026-01-28 19:00:07.487591+00,,true,true,,false
d0885a1b-ffd4-46e7-9482-72db56491b6f,sportsprograms,Sports & Programs,Support Tools,module,,live,2026-01-24 05:22:01.379848+00,2026-01-24 05:22:01.379848+00,,true,true,,false
d2c056bf-eb5a-4122-8a57-dcb228d73758,recurring_event_instances,Recurring Event Instances,Scheduling & Calendar,module,Database table: recurring_event_instances,live,2026-01-24 05:22:01.379848+00,2026-01-28 19:00:07.487591+00,,true,true,,false
d2e892fc-a8bf-433a-8c73-6c71637e509d,teams,Teams,Teams & Rosters,module,Service Module: teamsService.ts,live,2026-01-24 05:22:01.379848+00,2026-01-28 19:00:07.487591+00,,true,true,,false
d644903d-58b4-4f98-917d-9dd0f7a16797,feature_entitlements,Feature Entitlements,Support Tools,module,Database table: feature_entitlements,live,2026-01-24 05:22:01.379848+00,2026-01-28 19:00:07.487591+00,,true,true,,false
d8aac0c0-6f8f-4caa-b4a2-de27bc653acf,dashboard,Dashboard,Support Tools,module,Platform metrics,live,2026-01-24 05:22:01.379848+00,2026-01-28 19:00:07.487591+00,,true,true,,false
d94fdb5a-1acb-405c-940c-231274f0b027,scholarship_awards,Scholarship Awards,Support Tools,module,Database table: scholarship_awards,live,2026-01-24 05:22:01.379848+00,2026-01-28 19:00:07.487591+00,,true,true,,false
da3938a3-d8be-47d6-b9d5-0c4e939a0ca7,admin_audit_log,Admin Audit Log,Support Tools,module,Database table: admin_audit_log,live,2026-01-24 05:22:01.379848+00,2026-01-24 05:22:01.379848+00,,true,true,,false
da6a8feb-720e-4cfd-b7bd-007a4f0ce78e,levels,Levels,Support Tools,module,Service Module: levelsService.ts,live,2026-01-24 05:22:01.379848+00,2026-01-28 19:00:07.487591+00,,true,true,,false
dcb15593-1cf8-4f2f-92fd-ea5b1bfd8230,index_backup,Index Backup,Support Tools,module,Database table: _index_backup,live,2026-01-24 05:22:01.379848+00,2026-01-28 19:00:07.487591+00,,true,true,,false
def429fc-1c2c-45f7-9297-787714aad114,organization_members,Organization Members,Support Tools,module,Database table: organization_members,live,2026-01-24 05:22:01.379848+00,2026-01-28 19:00:07.487591+00,,true,true,,false
e10d0fd5-a418-4ea4-aeec-a11b97358eb9,tryoutdetail,Tryout Details,Tryouts,module,,live,2026-01-24 05:22:01.379848+00,2026-01-28 19:00:07.487591+00,,true,true,,false
eb423e46-e79e-44cd-b9b1-a9856671760d,fee_assignments,Fee Assignments,Payments,module,Database table: fee_assignments,live,2026-01-24 05:22:01.379848+00,2026-01-28 19:00:07.487591+00,,true,true,,false
ebb54ac2-15a3-4244-ba60-f68e6304d4af,tryout_required_documents,Tryout Required Documents,Support Tools,module,Database table: tryout_required_documents,live,2026-01-24 05:22:01.379848+00,2026-01-28 19:00:07.487591+00,,true,true,,false
ec332470-af98-44d3-9983-e8c224885f57,announcementdetail,Announcement,Messaging & Communication,module,,live,2026-01-24 05:22:01.379848+00,2026-01-28 19:00:07.487591+00,,true,true,,false
ec456d0f-454c-4bc8-a1f0-528fbde71840,uniform_kits,Uniform Kits,Uniforms & Gear,module,Database table: uniform_kits,live,2026-01-24 05:22:01.379848+00,2026-01-28 19:00:07.487591+00,,true,true,,false
ed24dc73-3c45-4160-aef5-1721e39c9eea,offline_payment_allocations,Offline Payment Allocations,Payments,module,Database table: offline_payment_allocations,live,2026-01-24 05:22:01.379848+00,2026-01-28 19:00:07.487591+00,,true,true,,false
ed6f9e07-08f5-4438-8ea6-2c4d8cb537ca,create,Create User,Support Tools,module,,live,2026-01-24 05:22:01.379848+00,2026-01-28 19:00:07.487591+00,,true,true,,false
ee655c6c-4c7d-4ab7-b104-962294bc9400,organization_invites,Organization Invites,Support Tools,module,Database table: organization_invites,live,2026-01-24 05:22:01.379848+00,2026-01-28 19:00:07.487591+00,,true,true,,false
ee9f9123-caa6-461a-b82f-01ac7fc57e2e,athlete_guardians,Athlete Guardians,Teams & Rosters,module,Database table: athlete_guardians,live,2026-01-24 05:22:01.379848+00,2026-01-28 19:00:07.487591+00,,true,true,,false
f19ae8b5-6203-4e7d-8018-722a9c3cfc20,sportdetail,Sport Details,Support Tools,module,,live,2026-01-28 19:00:07.487591+00,2026-01-28 19:00:07.487591+00,,true,true,,false
f1f3e70c-4e8f-46e9-8e5f-364e0db412e8,events,Events,Scheduling & Calendar,module,Service Module: eventsService.ts,live,2026-01-24 05:22:01.379848+00,2026-01-28 19:00:07.487591+00,,true,true,,false
f39cfa3f-06aa-4bd4-b71d-66cafc511fae,scholarship_programs,Scholarship Programs,Support Tools,module,Database table: scholarship_programs,live,2026-01-24 05:22:01.379848+00,2026-01-28 19:00:07.487591+00,,true,true,,false
f4bff667-4f50-4d44-b000-aa473b1f5cf1,update,Update Season,Support Tools,module,,live,2026-01-28 19:00:07.487591+00,2026-01-28 19:00:07.487591+00,,true,true,,false
f57a7a47-39cf-4f7c-9b1e-0d346e0eeaf4,teamsmanagement,Teams,Teams & Rosters,module,,live,2026-01-24 05:22:01.379848+00,2026-01-28 19:00:07.487591+00,,true,true,,false
f782555f-f314-4c4b-87ac-b17ff7b05632,paymentdetail,Payment Details,Payments,module,,live,2026-01-28 19:00:07.487591+00,2026-01-28 19:00:07.487591+00,,true,true,,false
f870f01b-7ee8-448e-bc6f-eafeb6763323,huddle_reports,Huddle Reports,Support Tools,module,Database table: huddle_reports,live,2026-01-28 19:00:07.487591+00,2026-01-28 19:00:07.487591+00,,true,true,,false
f9515a78-0898-49be-b460-b521b95a7b66,uniform_submissions,Uniform Submissions,Uniforms & Gear,module,Database table: uniform_submissions,live,2026-01-24 05:22:01.379848+00,2026-01-28 19:00:07.487591+00,,true,true,,false
fa14d89d-b86f-401e-9566-2d3463df747c,emailpreview,Email Preview,Support Tools,module,Email template testing,live,2026-01-28 19:00:07.487591+00,2026-01-28 19:00:07.487591+00,,true,true,,false
fb174361-20f8-4817-bd79-a4e8acfb266c,edit,Edit Travel Plan,Travel,module,,live,2026-01-24 05:22:01.379848+00,2026-01-28 19:00:07.487591+00,,true,true,,false
fbaa2f29-2813-494a-b0d0-5c7ac993a869,messages,Messages,Support Tools,module,Service Module: messagesService.ts,live,2026-01-24 05:22:01.379848+00,2026-01-28 19:00:07.487591+00,,true,true,,false
ff1d0904-bf2d-4bfc-83ef-4926e6c77f46,join,Join a Team,Support Tools,module,Enter an invite code,live,2026-01-24 05:22:01.379848+00,2026-01-28 19:00:07.487591+00,,true,true,,false